Description,Link
"Accolade provides access to quality primary care, mental health support, and expert medical opinions all backed by a team of clinical and benefits specialists.",https://www.accolade.com/
"Erasca is a clinical-stage precision oncology company driven by a bold mission‚Äîto erase cancer. We are on a journey to shut down one of cancer‚Äôs most commonly mutated signaling cascades, the RAS/MAPK pathway, which affects approximately 5.5 million lives each year worldwide. Our promising pipeline targets the RAS/MAPK pathway at virtually every turn, endowing us with the potential to make a transformative difference in the treatment and lives of people suffering from a wide range of devastating cancers‚Äîbringing hope, where there was little, that the future can be brighter and cancer free.",https://www.erasca.com
See how PagerDuty's Platform for Real-Time Operations integrates machine data & human intelligence to improve visibility & agility across organizations. Sign up for a free 14 day trial!,http://pagerduty.com
Practical quantum computing. Delivered over the cloud.,http://rigetti.com
"Robinhood has commission-free investing, and tools to help shape your financial future. Sign up and get your first stock free. Limitations and fees may apply.",http://robinhood.com
"Coinbase is a secure online platform for buying, selling, transferring, and storing cryptocurrency.",https://www.coinbase.com/
Two-factor authentication (2FA) adds an additional layer of protection beyond passwords. Download our free app today and follow our easy to use guides to protect your accounts and personal information.,https://authy.com/
Blog for Business,https://www.meldium.com/
"Monitor your cardiovascular health and fitness with the Cardiogram app. Analyze your heart rate, ECG, from Apple Watch, Fitbit, Garmin, and WearOS watches.",https://cardiogram.com
"Ciitizen collects, summarizes, & provides you with digital access to your full medical records from everywhere you've received care. All at no cost to you.",https://www.ciitizen.com/
Put your crypto to work and earn rewards,https://earn.com
Sign-in to start using Granular Web Applications,http://www.granular.ag
"Grep.ly is a search engine to find artists, creators and brands with NFT digital asset ownership",https://www.grep.ly/
,http://judgeholdings.com
,http://mediachain.io
,http://www.patientping.com
,http://pixate.com/
,http://www.redhotlabs.com
,http://www.shoedazzle.com
A Swellcast is a micro-podcast with social features. Every post on Swell is up to 5 minutes of audio. Replies are in audio and grow the conversation.,http://swell.life
"EQRx is a pharmaceutical company committed to bringing innovative medicines to more patients. Explore our company, our solution, our model, and our pipeline.",https://www.eqrx.com/
,https://www.nautilus.bio/
"Actifio enterprise cloud data management enables thousands of businesses to deliver their data just as they deliver their applications and infrastructure: as a service available instantly, anywhere.",https://www.actifio.com/
AIQ makes every team member a CX champion by bringing order to data chaos. See how our CX Hub puts customers at the center of your strategy.,https://www.actioniq.com/
"Compra lo que quieras f√°cil, sin intereses, sin papeleo ni complicaciones. *Paga tus compras en l√≠nea con tranquilidad eligiendo Addi. *Aplican TyC.",https://addi.com/
"Adim is a community of storytellers, fans and friends working together to create and own an entire narrative universe.",https://adimverse.com/
"With Affirm, you can pay over time at your favorite brands. No late fees or compounding interest‚Äîjust a more responsible way to say yes to the things you love.",http://affirm.com
Find the perfect place to stay at an amazing price in 191 countries. Belong anywhere with Airbnb.,http://airbnb.com
AirGarage manages parking lots and garages for property owners. Our full-service parking management streamline operations and maximizes revenue.,https://www.airgarage.com/
AKASA is the leading developer of AI for healthcare operations.,https://akasa.com/
"Whether you're a beginner developer, startup, web3 market leader, or a large enterprise, Alchemy makes multichain web3 development easy with reliable and scalable node infrastructure, enhanced APIs, and developer tools. Get started for free!",https://www.alchemy.com/
"Welcome to Aleo. The first platform for fully private applications. Write, run, and host private applications on Aleo. The ultimate toolkit for building private applications is finally here.",http://aleo.org
,https://alldaykitchens.com/
Ecommerce Automation Platform,https://runalloy.com/
"Get breakfast, lunch, dinner and more from your favorite restaurants. Pick up taco üåÆ, burger üçî, or pizza üçï super-fast. Reward your dining and enjoy savings on every order.",https://allsetnow.com
Alluxio is an open source data orchestration layer that brings data close to compute for big data and AI/ML workloads in the cloud.,https://www.alluxio.io/
Residential Real Estate Appraisal services from highly-skilled appraisers matched with leading edge technology. Aloft is reimagining a modern appraisal experience.,https://aloftappraisal.com/
We build vibrant communities that bring incredible experiences to our players as we innovate with new technology to find new ways to play.,https://www.altavr.io/
,http://altitudelearning.com
Experience what it feels like to never have to type or dictate another note again.,http://ambiencehealthcare.com
"Ambient.ai is transforming physical security with computer vision intelligence, empowering security teams with automated threat detection and visual verification.",https://ambient.ai/
"Our team brings together the brightest minds from security, finance, and distributed systems. Join our mission to advance institutional participation in the digital asset class.",https://anchorage.com
,https://www.anduril.com
"Angle is a capital efficient, decentralized and over-collateralized stablecoin protocol, behind agEUR notably, the biggest decentralized Euro stablecoin. Angle builds the infrastructure for tomorrow's financial ecosystem on blockchains.",https://www.angle.money/
,http://anyroad.com
"Anyscale is a unified compute platform that makes it easy to develop, deploy, and manage scalable AI and Python applications using Ray.",http://anyscale.com
"Plant-based protection for longer-lasting produce. Apeel keeps produce fresh for longer with the help of a little extra ""peel"". Find Apeel at a store near you!",https://apeel.com/
"Standard satellite bus models from 100 to 800kg, configurable to your mission needs.",http://apexspace.com
"Apollo Graph Platform ‚Äî unify APIs, microservices, & databases into a graph that you can query with GraphQL",https://www.apollographql.com/
"Applied Intuition enables engineering and product development teams to safely develop, test, and deploy autonomous vehicles at scale.",http://appliedintuition.com
Apptio helps connect technology investments to business outcomes. We empower teams with agility and insights to deliver technology that creates value for customers.,https://www.apptio.com/
Committed to developing products and applications on the Aptos blockchain that redefine the web3 user experience.,http://aptoslabs.com
Arc Boats manufactures and sells high-performance electric boats for watersports.,https://arcboats.com/
Cells are the functional units of life. They are also the functional units of disease.,https://www.ardatx.com/
"Arimo was designed by Steve Matteson as an innovative, refreshing sans serif design that is metrically compatible with Arial‚Ñ¢. Arimo offers improved on-screen r",https://arimo.com
"Licensed sample packs, derivative attribution, and a digital audio workstation platform. All tokenized to be artist and user owned.",https://www.arpeggi.io/
,http://arweave.org
,http://asana.com
Asimov builds tools to program living cells. We're integrating mammalian synthetic biology with computer-aided design to advance therapeutic applications.,https://www.asimov.com/
Asserts contextualizes your observability data into actionable root cause insights aligned to your SLOs.,https://www.asserts.ai/
Astranis offers connectivity anywhere. Our MicroGEO satellites offer dedicated connectivity at industry-leading prices.,https://www.astranis.com/
,https://www.atlys.com
Making the web a better place,http://automatic.com
"Avalanche is a smart contracts platform that scales infinitely and regularly finalizes transactions in less than one second. Build anything you want, any way you want, on the eco-friendly blockchain designed for Web3 developers.",https://www.avax.com/
"Axoni is a New York-based capital markets technology firm that specializes in distributed ledger infrastructure. Product offerings include blockchain deployments, large-scale data management, bespoke smart contract development, analytics services, and connectivity tools.",https://axoni.com/
,https://www.azragames.com/
,https://aztec.network/
"Build customizable, ultrafast networks with Intel¬Æ Intelligent Fabric Processors: Intel¬Æ Tofino‚Ñ¢, Intel¬Æ P4 Studio, and Intel¬Æ P4 Insight.",http://www.barefootnetworks.com
"Battlebound is on a mission to build memorable lifelong gaming communities that invite players into Heroic Stories, creating deep connections and positive life changes. Heroic stories are thrilling gameplay moments that bring players together and enrich players lives inside and outside the game.  We believe blockchain technology will deepen these moments and enrich the player experience when paired with world-class gameplay.",https://battlebound.io/
Bayesian Health's mission is to transform healthcare through AI-based clinical augmentation. Contact us today to learn more.,https://bayesianhealth.com
,https://beacons.ai/
,https://www.believer.gg/
,https://belonghome.com
,http://benchling.com
,https://www.bighatbio.com/
,https://bigscreenvr.com
,http://bioagelabs.com/
,https://www.biodock.ai/
,https://bitclout.com/
,https://www.bitski.com/
,https://www.blockspring.com
,https://www.boku.com/
,http://agebold.com
,http://www.bonfirestudios.com/
,https://usebounce.com/
,http://box.com
,http://www.brkt.com
,http://Branch.co
,https://breederdao.io
,http://gobrightside.com
,http://www.bromium.com
,http://www.bu.mp
,http://buzzfeed.com
,https://cadre.com/
,http://caffeine.tv
,https://www.camp4tx.com/
,https://shopcanal.com/
,https://capital.xyz/
,https://www.capitolis.com
,https://www.capriza.com
,https://www.carbonated.com/
,http://carry1st.com
,http://carta.com
,https://cartography.bio/
,https://www.casai.com
,https://www.trycaviar.com/
,https://www.cazena.com/
,https://www.ccpgames.com/
,http://cedar.com
,https://celo.org/
,http://getcensus.com
,http://beta.character.ai
,http://charthop.com
,https://www.chia.net/
,http://shopcider.com
,https://www.lookout.com/
,http://www.clearstorydata.com
,https://clerk.dev
,https://clickup.com/
,https://www.findsunrise.com/
,https://www.clover.com/
,http://clubhouse.com
,https://www.usecocreate.io/
,https://coactive.ai/
,https://codecombat.com
,https://www.codi.com/
,https://coinswitch.co/
,https://comma.ai/
,https://compound.finance/
,https://convex.dev/
,http://coreloop.gg/
,https://createra.fun/
,https://creatordao.com/
,https://cresta.com/
,https://www.crossriver.com/
,http://crossbeam.com
,https://www.onchainstudios.com/
,http://www.cumulusnetworks.com
,https://current.com/
,https://cygnvs.com/
,https://www.cyngn.com/
,https://www.dapperlabs.com/
,http://databricks.com
,http://datanomik.com/en/
,https://www.getdbt.com/
,http://www.deel.com
,http://deepcell.com
,http://www.deepmap.ai
,http://www.delphix.com
,https://www.descript.com/
,https://www.devoted.com/
,https://dfinity.org/
,http://dialpad.com
,http://digitalocean.com
,https://dishpatch.co.uk/
,http://dispatch.ai
,http://divvyhomes.com
,https://www.dollarshaveclub.com/
,http://donotpay.com
,https://www.doxel.ai/
,http://www.Drishti.com
,https://www.dwolla.com/
,https://dydx.exchange/
,https://www.dynamic.xyz
,http://dynotx.com
,http://earli.com
,http://earnbetter.com
,https://www.earnin.com/
,https://www.eclypsium.com
,https://eco.org/
,https://www.elegenbio.com/
,https://element.fi
,https://elodie.games
,https://end.gg/
,https://www.engflow.com/
,http://entropy.xyz
,https://envoy.com/
,https://www.epal.gg/
,https://www.everlaw.com/
,http://everyrealm.com
,http://facebook.com
,https://www.factual.com/
,http://fanatics.com
,https://faraway.gg/
,http://fei.money
,https://www.fidocure.com/
,https://www.fiftythree.com/
,http://figma.com
,http://filmhub.com/
,https://www.fingerprintsdao.xyz/
,https://www.firefly.health/
,https://www.firstbasehq.com/
,http://fivetran.com
,https://www.flavrs.com/
,http://flexport.com
,https://www.flockhomes.com/
,https://www.flocksafety.com/
,https://www.flow.life/
,https://www.flowcarbon.com/
,https://flutter.dev/
,https://fly.io/
,https://www.flyhomes.com/
,http://foodology.com.co
,http://formation.dev
,https://forta.org/
,http://forte.io
,https://www.forwardnetworks.com/
,https://foundation.app/
,https://foursquare.com
,https://www.freenome.com/
,https://functiononcology.com/
,http://www.fusionio.com/
,https://www.fwb.help/
,http://www.gainspeed.com
,https://www.genesistherapeutics.ai/
,https://genius.com/
,https://gigster.com
,https://github.com/
,https://glorify-app.com/
,https://glowing.com/
,https://www.gobble.com/
,https://golden.com
,https://www.gooddata.com/
,https://graphite.dev/
,https://greenlight.com/
,https://www.groupon.com/
,https://hadrian.co/
,http://handshake.org
,https://harbor.com/
,https://www.stuzo.com/
,https://headway.co/
,https://www.healthiq.com/
,https://hntlabs.com/
,https://hex.tech/
,http://hipcamp.com
,http://hippocraticai.com
,https://www.joinhonor.com/
,https://hopin.com/
,http://www.icracked.com
,https://www.idrx.com/
,https://ifttt.com
,https://www.illumio.com
,https://imgur.com/
,https://imply.io/
,https://www.improbable.io/
,https://www.incrediblehealth.com/
,http://inductive.bio
,https://www.insitro.com/
,https://www.instabase.com
,http://instacart.com
,http://instagram.com
,http://www.instart.com
,http://intrinsic.com
,http://intro.co
,https://inventa.shop/
,http://ironfish.network
,https://irreverentlabs.com
,https://isovalent.com/
,https://tryjeeves.com/
,https://www.jopwell.com/
,https://journera.com
,https://www.julep.com/
,http://juniperplatform.com
,https://www.kadabrainc.com/
,http://keepfinancial.com
,https://keep.network/
,https://keybase.io
,http://livekindred.com/
,https://knowable.fyi
,https://www.koboldmetals.com
,http://komodohealth.com
,https://konghq.com
,http://kosen.ai
,https://labelbox.com/
,https://www.labster.com/
,http://latitud.com
,https://layerzero.network/
,https://www.levelshealth.com/
,https://lido.fi/
,http://lightspark.com
,https://www.lightup.ai/
,https://www.li.me/
,http://www.getlocalmotion.com
,http://loft.com.br
,http://lookout.com
,http://loom.com
,https://www.loopcrypto.xyz
,http://lootrush.com
,https://lowkey.gg
,https://ltse.com
,https://lumos.com/
,https://lunchclub.ai/
,http://lyft.com
,https://lyrebird.ai/
,http://www.lytro.com
,http://macro.com
,https://www.magicleap.com/
,https://magnetbeauty.com/
,https://themainframe.com
,https://makerdao.com/en/
,https://www.manifold.xyz/
,https://markerlearning.com/
,http://www.marleymedical.com/
,https://material.security
,https://www.matik.io/
,https://matter-labs.io/
,https://maven.com/
,https://www.maxta.com/
,https://shop.mayvenn.com/
,https://mazetx.com/
,https://medium.com/
,https://www.withmedley.com/
,https://meitre.com/en
,https://mem.ai
,https://mem.co/
,https://memorahealth.com
,https://mercury.com/
,https://www.merits.com/
,https://www.farcaster.xyz/
,https://d2iq.com/
,https://metaphor.io
,http://metatheory.gg
,https://methodfi.com/
,https://metronome.com/
,https://mirror.xyz/
,https://mixpanel.com/
,http://modernfi.com/
,https://moov.io/
,https://www.morpho.xyz/
,https://mosaic.us/
,https://www.mountaintop.gg
,http://mux.com
,https://mvmnt.io/
,http://mystenlabs.com
,https://mythical.games
,http://nansen.com
,https://www.usenash.com/
,https://nationbuilder.com/
,https://near.org/
,https://www.neighbor.com/
,http://netlify.com
,https://netography.com/
,http://neuralmagic.com
,https://newnew.co
,https://www.vmware.com/products/nsx.html
,https://www.nobellfoods.com/
,http://leagueofkingdoms.com
,https://www.helium.com/
,https://nymtech.net/
,https://www.oasislabs.com/
,https://www.octant.bio/
,https://store.facebook.com/quest/
,http://withodyssey.com
,http://OdysseyInteractive.gg
,https://offerup.com/
,https://www.okta.com/
,https://www.omadahealth.com/
,http://ocp.gg
,https://www.onemoregame.com
,https://www.onshape.com/en/
,https://openbazaar.org/
,https://www.opendoor.com/
,http://www.opengov.com
,https://www.openinvest.com
,https://opensea.io/
,https://optimism.io/
,https://www.optimizely.com/
,https://www.optimyze.cloud
,https://orbit.love/
,https://orbitaltx.com/
,http://Orchestra.bio
,https://www.orchid.com/
,https://www.orderful.com/
,https://withotter.com/
,https://overtime.tv/
,https://www.overwolf.com/
,https://www.pahdolabs.com/
,https://parsecgaming.com
,https://www.partybid.app/
,https://www.patch.io
,https://patinahealth.com/
,http://pave.com
,https://payall.com/
,http://payrails.com/
,https://pearlhealth.com/
,https://www.peerstreet.com
,https://people.ai/
,http://phantom.app
,https://www.pietrastudio.com/careers
,https://www.pindrop.com/
,http://pinterest.com
,https://www.champions.io/
,http://plaid.com
,https://planetscale.com/
,http://www.platfora.com
,https://point.com
,https://polychain.capital/
,https://www.polywork.com/
,http://pomelocare.com
,https://practice.do/
,https://preset.io/
,http://prismsvr.com/
,http://producthunt.com
,https://prologue.xyz/
,https://www.proof.xyz/
,http://joinpropel.com
,http://protocol.ai
,https://www.proven.com/
,http://pynhq.com
,https://q.bio/
,https://queenly.com/
,https://rabb.it
,http://raidbase.com
,https://rapidapi.com
,https://www.rappi.com/
,http://rasa.com
,https://reface.ai/
,https://www.reflektive.com/
,https://www.reforge.com
,https://replay.io/
,https://replicate.com/
,http://replit.com
,http://rewatch.com
,https://www.rewind.ai/about
,http://rezotx.com
,https://www.ribbonhealth.com/
,https://rival.co/
,https://rive.app
,https://rly.network/
,http://corp.roblox.com
,https://rometx.com/home/
,http://royal.io
,http://RTFKT.com
,https://www.runtheworld.today/
,https://www.rutter.com/
,https://rye.store
,http://samsara.com
,https://sandboxvr.com/
,https://www.sardine.ai/
,https://scififoods.com/
,http://Scribetx.com
,https://seasonhealth.com
,http://seedfi.com
,https://www.seidr.com
,https://www.sentilink.com/
,https://www.sequencehq.com/
,http://www.setpoint.io
,https://www.shapeways.com/
,http://shef.com
,https://shibuya.xyz/
,https://shield.ai/
,http://shift.org
,http://shoplocale.com
,http://sidumathera.com
,http://www.signalfx.com
,http://sigopt.com
,https://usesilo.com/
,https://www.rsa.com/products/
,https://www.singularity6.com/
,https://sisudata.com/
,https://www.skout.com/
,http://axieinfinity.com
,http://skydio.com
,https://www.skype.com/en/
,https://www.skysafe.io
,http://slack.com
,https://sleeper.com
,https://smartcar.com
,http://snackpass.co
,https://www.snaplogic.com/
,http://snapser.com
,https://solana.com/
,https://www.sound.xyz/
,http://about.sourcegraph.com
,https://soylent.com/
,http://spacex.com
,http://spade.com
,http://spoton.com
,http://sprig.com
,http://sprinterhealth.com
,https://spruceid.com/
,https://www.stackoverflowbusiness.com/
,https://www.stackerhq.com/
,https://www.starburst.io/
,http://starstockgroup.com
,http://startplaying.games/
,http://stelolabs.com
,http://stoik.io
,https://www.stonks.com/
,http://stripe.com
,https://substack.com/
,https://www.superevilmegacorp.com/
,https://superhuman.com/
,https://supermove.com
,http://svix.com/
,https://swiftype.com/
,https://synapsefi.com/
,https://www.syndicateprotocol.org/
,http://synonym.bio/
,https://tabular.io
,http://Tackle.io
,https://www.meettally.com/
,https://www.jenkinsthevalet.com/
,http://Talos.com
,http://tanium.com
,http://tecton.ai
,https://teespring.com/
,http://teleport.org
,http://tellusapp.com
,https://www.tenfold.com/
,https://thatch.ai/
,https://www.thecoterie.co/
,https://www.thymecare.com/
,https://insightsoftware.com/tidemark/
,http://tilt.com
,http://www.tinyco.com
,http://titan.com
,https://urbit.org/
,https://www.tmunity.com/
,http://tokagroup.com
,http://www.tomfoolery.com
,https://home.tomorrowhealth.com/
,http://jointopo.com
,https://tradeblock.com
,https://wise.com/
,https://navan.com/
,https://www.trucksmarter.com/
,https://trufflesecurity.com/
,https://trunk.io/
,https://www.trusttoken.com/
,https://turntable.fm/
,https://turquoise.health/
,https://txn.com/
,https://www.udacity.com/
,http://ultimagenomics.com
,http://unify.id
,https://uniswap.org/
,https://unitedmasters.com/
,https://usermind.com
,http://getvaas.com
,http://valarlabs.com
,https://www.valon.com/
,https://valoraapp.com/
,https://www.vantage.sh/
,http://veefriends.com
,https://www.ventustx.com/
,https://www.verygoodsecurity.com/
,http://usevesta.com
,http://vicinitas.com
,https://www.viki.com/
,https://vitally.io/
,https://voldex.com/
,https://walkerandcompany.com/
,http://goldfinch.finance
,https://www.waymarkcare.com/
,http://waymo.com
,https://whatifi.com/
,https://www.whatnot.com/
,https://www.wingspan.app/
,https://wit.ai/
,https://www.getsupernatural.com/
,https://www.wonderschool.com
,http://workboard.com
,https://www.workrise.com/
,https://worldcoin.org/
,https://www.wrapbook.com/
,https://www.x.build/
,https://xmtp.com
,https://yieldguild.io/
,https://www.yubico.com/
,https://www.yuga.com/
,https://www.zleague.gg/
,https://zed.run/
,https://linera.io/
,https://www.zenefits.com/
,https://www.flyzipline.com/
,https://www.zulily.com/
,https://www.getzuma.com/
,https://zushealth.com/
,http://zynga.com
